Business_Name,,Location,,Review text,,,,,,,,,,Rating
CTR  Shri Sagar,,malleshwaram,,"Visited CTR Tiffin Room, Bengaluru and had an amazing experience. ",,,,,,,,,,5
CTR  Shri Sagar,,malleshwaram,,"The dosa was incredibly crispy, flavorful, and unlike any dosa I have ever had before. The taste was truly unique and memorable. ",,,,,,,,,,5
CTR  Shri Sagar,,malleshwaram,,Highly recommended for anyone visiting Bengaluru. Definitely one of the best dosa experiences I’ve had! 😊🙏,,,,,,,,,,4
CTR  Shri Sagar,,malleshwaram,,The ambience of the place feels very nostalgic and reflects the charm of the 70s era,,,,,,,,,,4
CTR  Shri Sagar,,malleshwaram,,"I recently visited Central Tiffin Rooms (CTR), Bangalore, and it once again reminded me why this place holds such a special place in the hearts of South Indian food lovers. ",,,,,,,,,,4
CTR  Shri Sagar,,malleshwaram,,"The food, as expected, was outstanding. CTR truly serves one of the best Benne Masala Dosas in the world",,,,,,,,,,4
CTR  Shri Sagar,,malleshwaram,,CTR is one of the best places in Bangalore to enjoy authentic South Indian breakfast.,,,,,,,,,,4
CTR  Shri Sagar,,malleshwaram,,Visited this beautiful old-style place in Malleswaram and it turned out to be such a lovely experience!,,,,,,,,,,5
CTR  Shri Sagar,,malleshwaram,,"If you’re someone who enjoys authentic Bangalore-style breakfast with that nostalgic charm, this place is a must-visit.",,,,,,,,,must visit,5
CTR  Shri Sagar,,malleshwaram,,"No wow factor, not worth the hype, and definitely not worth standing in a 15-20 minute queue.",,,,,,,,,,3
CTR  Shri Sagar,,malleshwaram,,"Tbh the best dosa I’ve had in Bengaluru so far, especially their Benne masala dosa. Absolutely delicious and perfectly made",,,,,,,,,,5
CTR  Shri Sagar,,malleshwaram,,106-year-old legendary breakfast spot that truly lives up to its reputation.,,,,,,,,,,5
CTR  Shri Sagar,,malleshwaram,,CTR in Malleshwaram is a legendary breakfast spot and truly reflects old-school Bengaluru charm.,,,,,,,,,,4
CTR  Shri Sagar,,malleshwaram,,Benne masala dosa was so good. They provide 2 chutneys but no sambar. ,,,,,,,,,,5
CTR  Shri Sagar,,malleshwaram,,It gives you the old vintage style vibes. Really liked the vada and filter coffee.,,,,,,,,,,3
CTR  Shri Sagar,,malleshwaram,,"Came here with high expectations due to the hype, but unfortunately, it didn’t live up to it.",,,,,,,,,,3
CTR  Shri Sagar,,malleshwaram,,You are going here for nothing but the food! The benne or ghee dosa is the best! ,,,,,,,,,,4
CTR  Shri Sagar,,malleshwaram,,This is such an amazing and authentic breakfast place in Malleswaram.,,,,,,,,,,5
CTR  Shri Sagar,,malleshwaram,,"after seeing all the hype. Honestly, it was just decent-crispy, buttery, and fine in taste, but nothing special.",,,,,,,,,,4
CTR  Shri Sagar,,malleshwaram,,The coffee was good as well. The crowd was huge however it was all resolved and everyone got place to sit and eat.,,,,,,,,,,4
CTR  Shri Sagar,,malleshwaram,,"An unpopular opinion… We tried their Benne Masala Dosa and Mangalore Bajji. But honestly, it wasn’t worth the hype.",,,,,,,,,,3
CTR  Shri Sagar,,malleshwaram,,"Went here for breakfast on a holiday. Limited seating, parking is available but limited space.",,,,,,,,,,4
CTR  Shri Sagar,,malleshwaram,,This is my favourite go-to restaurant!! ,,,,,,,,,,5
CTR  Shri Sagar,,malleshwaram,,Best place for morning breakfast and go to place for the crispiest dosa.,,,,,,,,,,4
CTR  Shri Sagar,,malleshwaram,,"Very good Dosès, crisp on the outside soft on the inside.",,,,,,,,,,4
CTR  Shri Sagar,,malleshwaram,,Central Tiffin Room (CTR) or Sri Sagar Hotel is a heritage restaurant in northwest Bangalore established in the 1920s by Y.V. Subramanyam. ,,,,,,,,,,5
CTR  Shri Sagar,,malleshwaram,,The dosa was 10/10 but quite disappointed with other things.,,,,,,,,,,4
CTR  Shri Sagar,,malleshwaram,,"This place is too much over hyped. We tried masala dosa, idly, vada, filter coffee, rava idly, kesari bath",,,,,,,,,,3
CTR  Shri Sagar,,malleshwaram,,"Very famous, but I found the food not so great.",,,,,,,,,,4
CTR  Shri Sagar,,malleshwaram,,"The food quality was very poor. I took the inlet itself,poori parcel after hearing a lot of hype ",,,,,,,,,,3
CTR  Shri Sagar,,malleshwaram,,Masala Dose is very nice. Set dose is ok.coffe tastes good. There will be crowd always.,,,,,,,,,,4
CTR  Shri Sagar,,malleshwaram,,A very nice dose place in the city. This is one of the well known dose places,,,,,,,,,,5
CTR  Shri Sagar,,malleshwaram,,They also serve good idly sambar-chutney and filter coffee makes the ending of your brunch perfect. ,,,,,,,,,,5
CTR  Shri Sagar,,malleshwaram,,"Overall, CTR is a great spot if you're craving classic South Indian breakfast or snacks. ",,,,,,,,,,5
CTR  Shri Sagar,,malleshwaram,,Delicious food let down by mediocre service. Vade was crispy and fluffy at the same time.,,,,,,,,,,4
CTR  Shri Sagar,,malleshwaram,,Dose was not up to point and hype but kesri bath and rava idli was damn good,,,,,,,,,,4
CTR  Shri Sagar,,malleshwaram,,"Best dosa I’ve ever had in my life. Super crunchy super tasty, very authentic.",,,,,,,,,,5
CTR  Shri Sagar,,malleshwaram,,The best Indian breakfast I ever had! You must try it when got a chance!,,,,,,,,,,5
CTR  Shri Sagar,,malleshwaram,,"Best Dosa! 🔥 This place is always hyped, busy, and truly worth the money.",,,,,,,,,,5
CTR  Shri Sagar,,malleshwaram,,"If you're looking for the best dosa in Bangalore, your search ends here.",,,,,,,,,,5
CTR  Shri Sagar,,malleshwaram,,"Very iconic , no frills restaurant . The food was finger licking good - as was the filter coffee ! Very quaint . Very charming !",,,,,,,,,,5
CTR  Shri Sagar,,malleshwaram,,Perfect breakfast spot. Their butter masala dosa are to die for. I really recommend this place. Idli’s are so soft. Chutney is so refreshing. 👌🏻,,,,,,,,,,5
CTR  Shri Sagar,,malleshwaram,,Overhyped & underwhelming. Horrible food and service. Took 20min to get a plate of dosa. ,,,,,,,,,,3
CTR  Shri Sagar,,malleshwaram,,They have literally forgotten to salt in the dishes and nobody care over here . There are 100 better restaurants in Bangalore over this,,,,,,,,,,3
CTR  Shri Sagar,,malleshwaram,,"A True Hidden Gem of Culinary Delights""",,,,,,,,,,5
CTR  Shri Sagar,,malleshwaram,,CTR malleshwaram is a go to place for the best masala dosa in the city. ,,,,,,,,,,5
CTR  Shri Sagar,,malleshwaram,,The dosa was very crispy and buttery. But Rava idli was quite ordinary.,,,,,,,,,,4
CTR  Shri Sagar,,malleshwaram,,Best thing to try * Benne Masala Dosa / Ghee Masala Dosa ending with coffee.,,,,,,,,,,4
CTR  Shri Sagar,,malleshwaram,,i dont think there are words to describe CTR food. excellent food. excellent service. ,,,,,,,,,,5
MTR,,Sudhama Nagar,,Where history is served on a plate MTR legendary more than 100years old,,,,,,,,,,5
MTR,,Sudhama Nagar,,"I recently visited MTR near Lal bagh for both breakfast and lunch, and overall, it was a very pleasant experience.",,,,,,,,,,5
MTR,,Sudhama Nagar,,This was my first visit to MTR. Had heard alot about their authentic South Indian cuisine.,,,,,,,,,,5
MTR,,Sudhama Nagar,,MTR is one of the legacy restaurants in bangalore. I feel the taste is not as good as it was before. ,,,,,,,,,,4
MTR,,Sudhama Nagar,,I'm quite mad that I hadn't discovered this gem of a restaurant till now.,,,,,,,,,,5
MTR,,Sudhama Nagar,,Amazing nostalgia served with a side of a thimble of ghee. ,,,,,,,,,,4
MTR,,Sudhama Nagar,,Don't expect too much! I mean it is just another spot where you get a decent dosa. ,,,,,,,,,,4
MTR,,Sudhama Nagar,,"MTR's first restaurant, quality food, hygienic environment. ",,,,,,,,,,5
MTR,,Sudhama Nagar,,Food have same taste of usual Udupi hotel not that much great.,,,,,,,,,,3
MTR,,Sudhama Nagar,,An authentic and truly gem of Bengaluru to enjoy the culinary experience. ,,,,,,,,,,5
MTR,,Sudhama Nagar,,One of the finest South Indian restaurant for tiffin and special meals which is unlimited in everything. ,,,,,,,,,,5
MTR,,Sudhama Nagar,,MTR was succesful in bringing their own uniqueness to the classil South Indian dish.,,,,,,,,,,5
MTR,,Sudhama Nagar,,"My second visit here. Rava idli was best like last time, badam halwa also good.",,,,,,,,,,4
MTR,,Sudhama Nagar,,Hot stop for authentic south Indian vegetarian delicacies. 😋😋😋,,,,,,,,,,5
MTR,,Sudhama Nagar,,"The food was tasty and there service was good, expect 40 mins of waiting time during rush hours",,,,,,,,,,4
MTR,,Sudhama Nagar,,Over hyped restaurant with absurdly high price.,,,,,,,,,,3
MTR,,Sudhama Nagar,,"Very disappointing experience. We visited MTR Lalbagh a year ago, and the thali had a much better ",,,,,,,,,,3
MTR,,Sudhama Nagar,,If you ever thought this may not be worth the hype. You are wrong!,,,,,,,,,,5
MTR,,Sudhama Nagar,,"Good place for lunch, simple and tasty. On weekends brace for waiting times 30-40 mins",,,,,,,,,,4
MTR,,Sudhama Nagar,,"Taste was okay types… felt MTR is quite hyped but the service was really poor, server was kinda rude",,,,,,,,,,4
MTR,,Sudhama Nagar,,Most of the items in the menu are not available. Expensive for the dining experience and quantity we get.,,,,,,,,,,3
MTR,,Sudhama Nagar,,This was my first visit to MTR. Had heard alot about their authentic South Indian cuisine.,,,,,,,,,,5
MTR,,Sudhama Nagar,, For me it was wow-its-yummy kind of delicious ,,,,,,,,,,4
MTR,,Sudhama Nagar,,The system is so broken. Menu is displayed on a board on the ground floor - without the pricing.,,,,,,,,,,3
MTR,,Sudhama Nagar,,"The experience due to wait time gets subsided, food is definitely very good. ",,,,,,,,,,4
MTR,,Sudhama Nagar,,If you are hard core dosa lover then the place is fine otherwise with these it comes to average.,,,,,,,,,,4
MTR,,Sudhama Nagar,,"Best of banglore. It still retains its old charm, I visit this place every time im in Bangalore. Must visit",,,,,,,,,,5
MTR,,Sudhama Nagar,,special meals was just ordinary for the price. waste of money,,,,,,,,,,3
MTR,,Sudhama Nagar,,One of the best place to have breakfast if you are in Bengaluru. ,,,,,,,,,,5
MTR,,Sudhama Nagar,, Food they serves is so delicious and yummy that you keep eating. ,,,,,,,,,,5
MTR,,Sudhama Nagar,,Great experience with the place and staff. Food is just amazing best Masala Dosa I have had in a long time.,,,,,,,,,,5
MTR,,Sudhama Nagar,,Had tiffin from the Indiranagar hotel. very bad food. Not recommended,,,,,,,,,,2
MTR,,Sudhama Nagar,,"Very average dosa and idly , does not deserve to be rated this high. ",,,,,,,,,,3
MTR,,Sudhama Nagar,,It is one of the best place to have South Indian food.,,,,,,,,,,5
MTR,,Sudhama Nagar,,MTR has been known for its breakfast dishes and also their lunch thali.,,,,,,,,,,4
MTR,,Sudhama Nagar,,The most stupid staff came accross..No manners to talk ,,,,,,,,,,3
MTR,,Sudhama Nagar,,I had visited MTR with my family and the food was really very tasty.,,,,,,,,,,5
MTR,,Sudhama Nagar,,My mother really loved the food. Her satisfaction to have the meal in an authentic way ,,,,,,,,,,5
MTR,,Sudhama Nagar,,"Everything was so tasty, especially all the dosa varities. It is a literal South Indian paradise.",,,,,,,,,,5
MTR,,Sudhama Nagar,,Honestly not at all worth the hype.,,,,,,,,,,2
MTR,,Sudhama Nagar,,"MTR is an emotion to most of the Bangaloreans, and they still carry it well.",,,,,,,,,,4
MTR,,Sudhama Nagar,,"The worst ever I have ever visited...too expensive for the quality they provide , unnecessary waiting.",,,,,,,,,,3
MTR,,Sudhama Nagar,,"MTR was a legend, though only once upon a time. The quality, service and taste levels are just not upto the mark.",,,,,,,,,,4
MTR,,Sudhama Nagar,,"Food, service & ambience... all need an upgrade.",,,,,,,,,,3
MTR,,Sudhama Nagar,,Horrible experience. Other MTRs are much better.,,,,,,,,,,3
MTR,,Sudhama Nagar,,"Well, one of the most legendary and renowned South Indian restaurants in Bengaluru, MTR!",,,,,,,,,,5
MTR,,Sudhama Nagar,,A good place to have South Indian tiffin. Must try Ghee roast masala dosa.,,,,,,,,,,5
MTR,,Sudhama Nagar,, Taste wise awesome. For breakfast visit before 9:00 am,,,,,,,,,,4
MTR,,Sudhama Nagar,,This would be probably one of thr best South Indian place I have been. ,,,,,,,,,,5
MTR,,Sudhama Nagar,,"I solely love the place whenever I visit here, for the taste that it has to provide. ",,,,,,,,,,5
MTR,,Sudhama Nagar,,If you like fine dining places this place is not for you. This place is more like a dining place where you might need to wait in a long queue. But the wait is worth it!,,,,,,,,,,4
MTR,,Sudhama Nagar,,"Quick service , great ambiance and a place kept neat and clean",,,,,,,,,,5
MTR,,Sudhama Nagar,,Absolutely THE most Bangalore-esque Bangalore restaurant that comes to mind when you want that delicious Bangalore food,,,,,,,,,,5
MTR,,Sudhama Nagar,,This is the place in Bangalore to enjoy awesome traditional South Indian snacks prepared and served in hygiene conditions,,,,,,,,,,5
MTR,,Sudhama Nagar,,"The og,undoubtedly one of the best dosas you can get in bangalore,bear with the crowd if going on a weekend.",,,,,,,,,,5
MTR,,Sudhama Nagar,,Breakfast in this joint is always like a must do thing if you are planning for a holiday in Bangalore. taste at its best :),,,,,,,,,,5
MTR,,Sudhama Nagar,,Amazing place to visit...had a memorable and delicious breakfast. The environment in here is little crowded but it's really worth,,,,,,,,,,5
MTR,,Sudhama Nagar,,Breakfast is great but i have had it a lot of times and its quite similar in the city with each of their tweaks. Lunch was a first for me and its was a huge lunch. ,,,,,,,,,,4
MTR,,Sudhama Nagar,,"The food was excellent, and the service was decently good. But the place is too crowded.",,,,,,,,,,5
MTR,,Sudhama Nagar,,MTR lunch home is one of the OG places you have to stop by.,,,,,,,,,,5
MTR,,Sudhama Nagar,,"Amazing south Indian taste with all classic feel. Enjoyed the masala dosa here. The thing that I liked is, dosa layer was thick but still properly baked/cooked ",,,,,,,,,,5
MTR,,Sudhama Nagar,,Delectable & filling breakfast of Rava idli & masala dosa with a rich smear of pure ghee. Very Yummy,,,,,,,,,,5
MTR,,Sudhama Nagar,,No need for publicity. MTR is world famous. Little expensive now but no one cares as getting a seat is important. None to match.,,,,,,,,,,5
MTR,,Sudhama Nagar,,"Mavalli Tiffin Rooms is quiet synonymous with authentic, home style Karnataka food that is available in Bangalore",,,,,,,,,,4
MTR,,Sudhama Nagar,,"Excellent service, Impeccable quality, Undeniable quantity. Make sure you check the timings before going as lunch starts at 12:30",,,,,,,,,,5
